cutoff,instance,sense,new_objective,old_objective,outcome,new_exit_code,old_exit_code,new_wall_seconds,old_wall_seconds
10,ball_mk2_10.lp,min,0.0,0.0,tie,0,0,10.009572,10.00859
10,ball_mk2_30.lp,min,0.0,0.0,tie,0,0,10.015197,10.018987
10,ball_mk3_10.lp,,,,neither feasible,0,0,10.012696,10.008403
10,ball_mk3_20.lp,,,,neither feasible,0,0,10.010903,10.014157
10,ball_mk3_30.lp,,,,neither feasible,0,0,10.017825,10.012584
10,ball_mk4_05.lp,,,,neither feasible,0,0,10.012168,10.015168
10,ball_mk4_10.lp,,,,neither feasible,0,0,10.026208,10.024621
10,ball_mk4_15.lp,,,,neither feasible,0,0,10.065609,10.011605
10,chimera_k64ising-01.lp,max,17.3,12.0,new win,0,0,10.107326,10.140165
10,chimera_k64maxcut-01.lp,max,14.1,13.8,new win,0,0,10.137436,10.100941
10,chimera_k64maxcut-02.lp,max,10.1,12.1,new loss,0,0,10.180321,10.157329
10,chimera_lga-01.lp,max,129.9,122.3,new win,0,0,10.172273,10.05646
10,chimera_lga-02.lp,max,125.2,122.0,new win,0,0,10.17556,10.448272
10,chimera_mgw-c16-2031-01.lp,max,1969.0,1958.0,new win,0,0,10.787171,11.445897
10,chimera_mgw-c16-2031-02.lp,max,1977.0,1964.0,new win,0,0,10.749981,10.911238
10,chimera_mgw-c8-439-onc8-001.lp,max,405.0,403.0,new win,0,0,10.118759,10.253886
10,chimera_mgw-c8-439-onc8-002.lp,max,395.0,392.0,new win,0,0,10.120357,10.355073
10,chimera_mgw-c8-507-onc8-01.lp,max,493.0,493.0,tie,0,0,10.077337,10.066761
10,chimera_mgw-c8-507-onc8-02.lp,max,494.0,494.0,tie,0,0,10.050093,10.081468
10,chimera_mis-01.lp,max,383.2,381.8,new win,0,0,10.214668,11.294235
10,chimera_mis-02.lp,max,392.8,392.6,new win,0,0,10.238692,10.144856
10,chimera_rfr-01.lp,max,1169.5,1158.8,new win,0,0,10.069319,10.146288
10,chimera_rfr-02.lp,max,1131.3,1118.3,new win,0,0,10.199396,10.629469
10,chimera_selby-c16-01.lp,max,698.0,705.8,new loss,0,0,10.497723,10.351638
10,chimera_selby-c16-02.lp,max,697.3,692.4,new win,0,0,10.293901,10.320624
10,chimera_selby-c8-onc8-01.lp,max,174.4,174.2,new win,0,0,10.064291,10.055688
10,chimera_selby-c8-onc8-02.lp,max,166.1,166.0,new win,0,0,10.138822,10.106618
10,crossdock_15x8.lp,min,16525.0,16525.0,tie,0,0,10.24632,10.254428
10,graphpart_2g-0044-1601.lp,min,-919798.0,-919798.0,tie,0,0,10.013227,10.012573
10,graphpart_2g-0055-0062.lp,min,-1054460.0,-1054460.0,tie,0,0,10.008499,10.010068
10,graphpart_2g-0066-0066.lp,min,-2560722.0,-2560722.0,tie,0,0,10.008351,10.016502
10,graphpart_2g-0077-0077.lp,min,-2831099.0,-2831099.0,tie,0,0,10.015115,10.019671
10,graphpart_2g-0088-0088.lp,min,-5908169.0,-5908169.0,tie,0,0,10.012583,10.038909
10,graphpart_2g-0099-9211.lp,min,-5018798.0,-5018798.0,tie,0,0,10.039704,10.016382
10,graphpart_2g-1010-0824.lp,min,-6960353.0,-6960353.0,tie,0,0,10.021454,10.038291
10,graphpart_2pm-0044-0044.lp,min,-10.0,-10.0,tie,0,0,10.010743,10.014861
10,graphpart_2pm-0055-0055.lp,min,-20.0,-20.0,tie,0,0,10.021892,10.017795
10,graphpart_2pm-0066-0066.lp,min,-29.0,-29.0,tie,0,0,10.007761,10.014825
10,graphpart_2pm-0077-0777.lp,min,-38.0,-38.0,tie,0,0,10.008238,10.018797
10,graphpart_2pm-0088-0888.lp,min,-54.0,-54.0,tie,0,0,10.018301,10.030209
10,graphpart_2pm-0099-0999.lp,min,-62.0,-62.0,tie,0,0,10.035444,10.044609
10,graphpart_3g-0234-0234.lp,min,-1804334.0,-1804334.0,tie,0,0,10.00867,10.01625
10,graphpart_3g-0244-0244.lp,min,-2540313.0,-2540313.0,tie,0,0,10.01744,10.020953
10,graphpart_3g-0333-0333.lp,min,-1754342.0,-1754342.0,tie,0,0,10.014704,10.016158
10,graphpart_3g-0334-0334.lp,min,-2768659.0,-2768659.0,tie,0,0,10.025253,10.021348
10,graphpart_3g-0344-0344.lp,min,-4963154.0,-4963154.0,tie,0,0,10.024134,10.011993
10,graphpart_3g-0444-0444.lp,min,-7603756.0,-7603756.0,tie,0,0,10.058138,10.039625
10,graphpart_3pm-0234-0234.lp,min,-20.0,-20.0,tie,0,0,10.017971,10.007526
10,graphpart_3pm-0244-0244.lp,min,-28.0,-28.0,tie,0,0,10.017529,10.015588
10,graphpart_3pm-0333-0333.lp,min,-26.0,-26.0,tie,0,0,10.015357,10.012712
10,graphpart_3pm-0334-0334.lp,min,-36.0,-36.0,tie,0,0,10.030972,10.024457
10,graphpart_3pm-0344-0344.lp,min,-48.0,-48.0,tie,0,0,10.038384,10.022485
10,nvs03.lp,min,64.0,64.0,tie,0,0,10.008692,10.006551
10,nvs10.lp,min,-310.8,-310.8,tie,0,0,10.011553,10.007129
10,nvs11.lp,min,-431.0,-431.0,tie,0,0,10.009653,10.012352
10,nvs12.lp,min,-481.2,-481.2,tie,0,0,10.015105,10.016595
10,nvs13.lp,min,-585.2,-585.2,tie,0,0,10.007429,10.010726
10,nvs15.lp,min,1.0,1.0,tie,0,0,10.009081,10.006298
10,nvs17.lp,min,-1100.4,-1100.4,tie,0,0,10.014232,10.022367
10,nvs18.lp,min,-778.4,-778.4,tie,0,0,10.023464,10.017747
10,nvs19.lp,min,-1098.4,-1098.4,tie,0,0,10.013222,10.008429
10,nvs23.lp,min,-1125.2,-1125.2,tie,0,0,10.014322,10.00877
10,nvs24.lp,min,-1033.2,-1033.2,tie,0,0,10.116798,10.127684
10,pb302035.lp,min,3818368.0,3818368.0,tie,0,0,17.33691,17.854952
10,pb302055.lp,min,3966094.0,3966094.0,tie,0,0,12.148858,12.733754
10,pb302075.lp,min,4191764.0,4191764.0,tie,0,0,19.023777,19.343928
10,pb351535.lp,min,5115148.0,5115148.0,tie,0,0,17.73918,17.212739
10,pb351555.lp,min,4888133.0,4888133.0,tie,0,0,14.203006,13.539269
10,pb351575.lp,min,6553485.0,6553485.0,tie,0,0,13.12697,13.252523
10,prob02.lp,min,144265.0,144265.0,tie,0,0,10.012675,10.017307
10,prob03.lp,min,10.0,10.0,tie,0,0,10.008474,10.00864
10,QPLIB_0067.lp,min,-94446.0,-94446.0,tie,0,0,10.213865,10.152031
10,QPLIB_0633.lp,min,82.048035,82.048035,tie,0,0,10.032187,10.183685
10,QPLIB_0752.lp,max,24071.0,24071.0,tie,0,0,10.023253,10.10358
10,QPLIB_10040.lp,min,0.0,0.0,tie,0,0,10.663899,10.134149
10,QPLIB_10041.lp,min,0.0,0.0,tie,0,0,10.384731,10.143373
10,QPLIB_10042.lp,min,-20.881926,-20.881926,tie,0,0,10.163063,10.212017
10,QPLIB_10043.lp,min,0.0,0.0,tie,0,0,10.380248,10.451328
10,QPLIB_10044.lp,min,-7.868867,-7.868867,tie,0,0,10.371054,10.376862
10,QPLIB_10045.lp,min,0.0,0.0,tie,0,0,10.592181,10.849155
10,QPLIB_10046.lp,min,-0.7127,-0.7127,tie,0,0,11.069962,10.057661
10,QPLIB_10047.lp,min,0.0,0.0,tie,0,0,10.740809,10.932923
10,QPLIB_10048.lp,min,-13.562674,-13.562674,tie,0,0,10.870198,10.985068
10,QPLIB_10049.lp,min,0.0,0.0,tie,0,0,10.734867,10.872846
10,QPLIB_10050.lp,min,-25.697662,-25.697662,tie,0,0,10.857222,10.856921
10,QPLIB_10051.lp,min,0.0,0.0,tie,0,0,10.451359,10.671734
10,QPLIB_10052.lp,min,-11.810576,-11.810576,tie,0,0,10.158989,11.262404
10,QPLIB_10053.lp,min,0.0,0.0,tie,0,0,10.480197,10.462467
10,QPLIB_10054.lp,min,-10.197064,-10.197064,tie,0,0,10.774617,10.613639
10,QPLIB_10055.lp,min,-1.258548,-1.258548,tie,0,0,11.338834,11.365846
10,QPLIB_10056.lp,min,-33.856789,-33.856789,tie,0,0,11.678089,11.759648
10,QPLIB_10057.lp,min,0.0,0.0,tie,0,0,10.859747,10.792288
10,QPLIB_10058.lp,min,-3.379774,-3.379774,tie,0,0,10.659935,10.669177
10,QPLIB_10059.lp,min,0.0,0.0,tie,0,0,10.822233,10.555434
10,QPLIB_10060.lp,min,0.0,0.0,tie,0,0,10.633931,11.150904
10,QPLIB_10061.lp,min,-22.99021,-22.99021,tie,0,0,10.757603,10.832754
10,QPLIB_10062.lp,min,0.0,0.0,tie,0,0,10.679494,10.742376
10,QPLIB_10063.lp,min,-42.515972,-42.515972,tie,0,0,12.296966,12.116984
10,QPLIB_10064.lp,min,0.0,0.0,tie,0,0,10.266603,10.229856
10,QPLIB_10065.lp,min,-29.822421,-29.822421,tie,0,0,11.245699,11.488969
10,QPLIB_10066.lp,min,-32.979886,-32.979886,tie,0,0,11.497305,11.684058
10,QPLIB_10067.lp,min,-31.568701,-31.568701,tie,0,0,11.752789,11.6736
10,QPLIB_10068.lp,min,-31.624223,-31.624223,tie,0,0,11.802636,11.730474
10,QPLIB_10069.lp,min,0.0,0.0,tie,0,0,11.463422,11.735747
10,QPLIB_10070.lp,min,-25.258817,-25.258817,tie,0,0,11.093785,11.13797
10,QPLIB_10071.lp,min,0.0,0.0,tie,0,0,10.539028,10.751817
10,QPLIB_10072.lp,min,0.0,0.0,tie,0,0,10.06988,10.116458
10,QPLIB_10073.lp,min,0.0,0.0,tie,0,0,10.045763,10.070666
10,QPLIB_10074.lp,min,0.0,0.0,tie,0,0,10.164071,10.096699
10,QPLIB_1976.lp,min,-9594.0,-9594.0,tie,0,0,10.083525,10.095456
10,QPLIB_2017.lp,min,-22984.0,-22984.0,tie,0,0,10.148231,10.054193
10,QPLIB_2022.lp,min,-22554.0,-22554.0,tie,0,0,10.136903,10.173756
10,QPLIB_2029.lp,min,-33904.0,-34576.0,new loss,0,0,10.104601,10.080877
10,QPLIB_2036.lp,min,-30140.0,-30140.0,tie,0,0,10.117743,10.077753
10,QPLIB_2047.lp,min,1182604.5,1182604.5,tie,0,0,10.943733,10.510889
10,QPLIB_2055.lp,min,3412950.0,3412950.0,tie,0,0,10.126,10.45912
10,QPLIB_2060.lp,min,2621928.0,2621928.0,tie,0,0,11.109753,10.333903
10,QPLIB_2067.lp,min,3740230.0,3793380.0,new win,0,0,10.610792,11.125319
10,QPLIB_2073.lp,min,7957180.0,7957180.0,tie,0,0,10.417891,11.120777
10,QPLIB_2077.lp,min,2443612.5,2443612.5,tie,0,0,11.223154,10.738755
10,QPLIB_2085.lp,min,7483750.0,7483750.0,tie,0,0,11.206168,10.896964
10,QPLIB_2087.lp,min,3312579.0,3312579.0,tie,0,0,12.050854,11.754998
10,QPLIB_2096.lp,min,7432224.0,7432224.0,tie,0,0,11.685281,12.604348
10,QPLIB_2315.lp,min,-26758.0,-26675.0,new win,0,0,11.778162,11.995328
10,QPLIB_2357.lp,min,-647.0,-647.0,tie,0,0,10.115912,10.187937
10,QPLIB_2359.lp,min,-638.0,-638.0,tie,0,0,10.054054,10.118847
10,QPLIB_2492.lp,min,2766.0,2766.0,tie,0,0,10.364759,10.731168
10,QPLIB_2512.lp,min,135028.0,135028.0,tie,0,0,10.198678,10.170347
10,QPLIB_2733.lp,min,5510.0,5510.0,tie,0,0,12.732046,10.896433
10,QPLIB_2880.lp,min,1317494.0,1317494.0,tie,0,0,10.785814,10.852489
10,QPLIB_2957.lp,min,3666.0,3666.0,tie,0,0,12.873535,12.279995
10,QPLIB_3307.lp,min,1282.0,1282.0,tie,0,0,10.491321,10.259598
10,QPLIB_3347.lp,min,4017827.0,4017827.0,tie,0,0,15.228151,14.727856
10,QPLIB_3361.lp,min,117340.0,117340.0,tie,0,0,11.148228,15.115757
10,QPLIB_3380.lp,min,,,neither feasible,0,0,11.245931,11.115645
10,QPLIB_3402.lp,min,229092.0,229092.0,tie,0,0,10.257469,10.045247
10,QPLIB_3413.lp,min,2522.0,2522.0,tie,0,0,10.163325,10.332561
10,QPLIB_3506.lp,max,478.0,476.0,new win,0,0,10.119002,10.019303
10,QPLIB_3562.lp,min,16.0,16.0,tie,0,0,10.019575,10.01748
10,QPLIB_3565.lp,max,282.0,282.0,tie,0,0,10.041248,10.090705
10,QPLIB_3584.lp,min,-22989.0,-22989.0,tie,0,0,10.974692,10.664492
10,QPLIB_3587.lp,min,16811.0,16811.0,tie,0,0,10.273077,10.255965
10,QPLIB_3614.lp,min,15062.0,15062.0,tie,0,0,10.044003,10.109139
10,QPLIB_3642.lp,max,1028.0,1028.0,tie,0,0,10.135765,10.250804
10,QPLIB_3650.lp,max,916.0,914.0,new win,0,0,10.176887,10.225427
10,QPLIB_3693.lp,max,1144.0,1144.0,tie,0,0,10.056462,10.179075
10,QPLIB_3703.lp,min,395228.0,395228.0,tie,0,0,10.094965,10.116019
10,QPLIB_3705.lp,max,382.0,382.0,tie,0,0,10.041563,10.050428
10,QPLIB_3706.lp,max,680.0,680.0,tie,0,0,10.126888,10.107925
10,QPLIB_3709.lp,min,9113892.0,9113892.0,tie,0,0,10.96137,10.784322
10,QPLIB_3714.lp,min,1183.0,1183.0,tie,0,0,10.158298,10.180179
10,QPLIB_3738.lp,max,420.0,420.0,tie,0,0,10.034724,10.128694
10,QPLIB_3745.lp,max,334.0,334.0,tie,0,0,10.042386,10.070145
10,QPLIB_3750.lp,min,6348.0,6348.0,tie,0,0,10.389319,10.386329
10,QPLIB_3751.lp,min,2312.0,2312.0,tie,0,0,10.090579,10.038244
10,QPLIB_3752.lp,min,-1217.0,-1217.0,tie,0,0,10.148806,10.116036
10,QPLIB_3757.lp,min,-511.0,-511.0,tie,0,0,10.148675,10.156687
10,QPLIB_3762.lp,min,-270.0,-270.0,tie,0,0,10.063517,10.059965
10,QPLIB_3772.lp,min,-938.0,-938.0,tie,0,0,10.106121,10.16506
10,QPLIB_3775.lp,min,3990.0,3990.0,tie,0,0,10.33168,10.327564
10,QPLIB_3780.lp,min,106.0,106.0,tie,0,0,10.047741,10.051273
10,QPLIB_3803.lp,min,-6982.0,-6982.0,tie,0,0,10.043646,10.116213
10,QPLIB_3815.lp,min,-65.0,-65.0,tie,0,0,10.035614,10.013122
10,QPLIB_3822.lp,max,846.0,846.0,tie,0,0,10.143427,10.189649
10,QPLIB_3832.lp,max,550.0,550.0,tie,0,0,10.117239,10.118079
10,QPLIB_3834.lp,min,3854.936186,3854.936186,tie,0,0,10.053366,10.033131
10,QPLIB_3838.lp,max,740.0,740.0,tie,0,0,10.126483,10.227938
10,QPLIB_3841.lp,min,-1817.0,-1817.0,tie,0,0,10.477043,10.142334
10,QPLIB_3850.lp,max,1188.0,1186.0,new win,0,0,10.101447,10.21347
10,QPLIB_3852.lp,max,234.0,234.0,tie,0,0,10.020642,10.017725
10,QPLIB_3860.lp,min,-20161.0,-20161.0,tie,0,0,10.675378,10.284737
10,QPLIB_3865.lp,min,6553485.0,6553485.0,tie,0,0,12.733372,12.466764
10,QPLIB_3877.lp,max,600.0,600.0,tie,0,0,10.098,10.110689
10,QPLIB_3883.lp,min,-765.0,-765.0,tie,0,0,10.049242,10.060293
10,QPLIB_3913.lp,min,44.6,44.6,tie,0,0,12.788832,12.549014
10,QPLIB_3923.lp,min,91.325,91.325,tie,0,0,10.180785,10.187626
10,QPLIB_3931.lp,min,113.3365,113.3365,tie,0,0,10.110312,10.053977
10,QPLIB_3980.lp,min,11.45,11.45,tie,0,0,10.887797,10.934913
10,QPLIB_5721.lp,max,7930221.0,7875631.0,new win,0,0,10.917643,13.414167
10,QPLIB_5725.lp,max,33065571.0,33062219.0,new win,0,0,10.119392,10.059717
10,QPLIB_5755.lp,max,23749203.0,23692136.0,new win,0,0,10.072856,10.104047
10,QPLIB_5875.lp,max,43757.0,43757.0,tie,0,0,10.184366,11.589967
10,QPLIB_5881.lp,max,13067.0,13067.0,tie,0,0,10.184549,10.320034
10,QPLIB_5882.lp,max,25388.0,25388.0,tie,0,0,11.030775,10.455077
10,QPLIB_5909.lp,max,35726.0,35726.0,tie,0,0,10.048874,10.086916
10,QPLIB_5922.lp,max,128339.0,128279.0,new win,0,0,11.125053,11.298006
10,QPLIB_5935.lp,max,2588.0,2588.0,tie,0,0,10.693102,10.071302
10,QPLIB_5944.lp,max,1134.0,1134.0,tie,0,0,10.58021,10.516173
10,QPLIB_5962.lp,max,2756.0,2756.0,tie,0,0,12.310943,12.804779
10,QPLIB_5971.lp,max,1036.0,1036.0,tie,0,0,13.46262,14.909529
10,QPLIB_5980.lp,max,589.0,589.0,tie,0,0,15.232302,14.736428
10,QPLIB_6324.lp,min,2641.0,2641.0,tie,0,0,13.530662,14.126621
10,QPLIB_6487.lp,min,345016.0,345016.0,tie,0,0,12.600207,13.644216
10,QPLIB_6597.lp,min,6826173.0,6826173.0,tie,0,0,19.228657,21.719428
10,QPLIB_6647.lp,min,2.0,2.0,tie,0,0,10.447115,11.420307
10,QPLIB_6757.lp,min,184.0,175.0,new loss,0,0,12.016419,18.447831
10,QPLIB_6764.lp,min,221.0,225.0,new win,0,0,18.500476,10.619815
10,QPLIB_6799.lp,min,165.0,165.0,tie,0,0,18.282936,18.875532
10,QPLIB_6941.lp,min,214.0,214.0,tie,0,0,18.631,20.080745
10,QPLIB_7127.lp,min,0.0,0.0,tie,0,0,12.336028,10.491557
10,QPLIB_7139.lp,min,621.0,621.0,tie,0,0,10.095265,10.075631
10,QPLIB_7144.lp,min,822.0,822.0,tie,0,0,10.191187,10.088414
10,QPLIB_7149.lp,min,974.0,977.0,new win,0,0,10.194521,10.239704
10,QPLIB_7154.lp,min,1175.0,1175.0,tie,0,0,10.173424,10.1803
10,QPLIB_7159.lp,min,1394.0,1394.0,tie,0,0,10.302821,10.365143
10,QPLIB_7164.lp,min,1625.0,1625.0,tie,0,0,10.471205,10.546275
10,QPLIB_9030.lp,min,526240.0,526240.0,tie,0,0,17.931446,18.031963
10,QPLIB_9048.lp,min,-1.165682,-1.165682,tie,0,0,10.761537,11.334664
10,st_miqp1.lp,min,281.0,281.0,tie,0,0,10.00984,10.010182
10,st_miqp2.lp,min,2.0,2.0,tie,0,0,10.009926,10.008833
10,st_miqp3.lp,min,-6.0,-6.0,tie,0,0,10.010242,10.007949
10,st_test1.lp,min,0.0,0.0,tie,0,0,10.010598,10.010067
10,st_test2.lp,min,-9.25,-9.25,tie,0,0,10.012013,10.009056
10,st_test3.lp,min,-7.0,-7.0,tie,0,0,10.021817,10.0154
10,st_test4.lp,min,-7.0,-7.0,tie,0,0,10.024443,10.011772
10,st_test5.lp,min,-110.0,-110.0,tie,0,0,10.060415,10.035139
10,st_test6.lp,min,471.0,471.0,tie,0,0,10.012583,10.026236
10,st_test8.lp,min,-29605.0,-29605.0,tie,0,0,10.025829,10.021858
10,st_testgr1.lp,min,-12.38955,-12.38955,tie,0,0,10.014628,10.012362
10,st_testgr3.lp,min,-19.4915,-19.4915,tie,0,0,10.037513,10.047696
10,st_testph4.lp,min,-80.5,-80.5,tie,0,0,10.027011,10.01318
60,ball_mk2_10.lp,min,0.0,0.0,tie,0,0,60.011132,60.01027
60,ball_mk2_30.lp,min,0.0,0.0,tie,0,0,60.018625,60.016977
60,ball_mk3_10.lp,,,,neither feasible,0,0,60.011862,60.007684
60,ball_mk3_20.lp,,,,neither feasible,0,0,60.015211,60.009657
60,ball_mk3_30.lp,,,,neither feasible,0,0,60.012457,60.016213
60,ball_mk4_05.lp,,,,neither feasible,0,0,60.013155,60.008457
60,ball_mk4_10.lp,,,,neither feasible,0,0,60.053594,60.059319
60,ball_mk4_15.lp,,,,neither feasible,0,0,60.03155,60.010799
60,chimera_k64ising-01.lp,max,17.8,12.1,new win,0,0,60.265312,60.076834
60,chimera_k64maxcut-01.lp,max,14.7,13.8,new win,0,0,60.180701,60.195447
60,chimera_k64maxcut-02.lp,max,16.8,12.1,new win,0,0,60.147153,60.230847
60,chimera_lga-01.lp,max,135.6,128.2,new win,0,0,60.169189,60.652287
60,chimera_lga-02.lp,max,127.4,125.4,new win,0,0,60.314713,60.15091
60,chimera_mgw-c16-2031-01.lp,max,2000.0,1983.0,new win,0,0,60.542944,61.310078
60,chimera_mgw-c16-2031-02.lp,max,1996.0,1994.0,new win,0,0,60.119712,60.655947
60,chimera_mgw-c8-439-onc8-001.lp,max,405.0,405.0,tie,0,0,60.086032,60.444849
60,chimera_mgw-c8-439-onc8-002.lp,max,396.0,396.0,tie,0,0,60.069509,60.439678
60,chimera_mgw-c8-507-onc8-01.lp,max,493.0,493.0,tie,0,0,60.124765,60.339394
60,chimera_mgw-c8-507-onc8-02.lp,max,495.0,495.0,tie,0,0,60.117528,60.357428
60,chimera_mis-01.lp,max,385.0,383.8,new win,0,0,60.251245,61.608075
60,chimera_mis-02.lp,max,394.0,394.0,tie,0,0,60.071038,61.581002
60,chimera_rfr-01.lp,max,1183.1,1180.2,new win,0,0,60.280642,61.149393
60,chimera_rfr-02.lp,max,1155.4,1152.7,new win,0,0,60.561298,61.339154
60,chimera_selby-c16-01.lp,max,717.6,721.6,new loss,0,0,60.041782,60.417223
60,chimera_selby-c16-02.lp,max,714.1,706.5,new win,0,0,60.272181,60.088982
60,chimera_selby-c8-onc8-01.lp,max,176.0,176.5,new loss,0,0,60.09459,60.056889
60,chimera_selby-c8-onc8-02.lp,max,167.6,166.2,new win,0,0,60.087722,60.093499
60,crossdock_15x8.lp,min,16351.0,16351.0,tie,0,0,60.020511,60.020545
60,graphpart_2g-0044-1601.lp,min,-919798.0,-919798.0,tie,0,0,60.013576,60.011143
60,graphpart_2g-0055-0062.lp,min,-1389815.0,-1389815.0,tie,0,0,60.015634,60.017861
60,graphpart_2g-0066-0066.lp,min,-2775376.0,-2775376.0,tie,0,0,60.022126,60.010942
60,graphpart_2g-0077-0077.lp,min,-2950494.0,-2950494.0,tie,0,0,60.013591,60.033165
60,graphpart_2g-0088-0088.lp,min,-5935341.0,-5935341.0,tie,0,0,60.044354,60.025004
60,graphpart_2g-0099-9211.lp,min,-5023974.0,-5023974.0,tie,0,0,60.023173,60.033095
60,graphpart_2g-1010-0824.lp,min,-6972014.0,-6972014.0,tie,0,0,60.042892,60.060388
60,graphpart_2pm-0044-0044.lp,min,-10.0,-10.0,tie,0,0,60.027061,60.008704
60,graphpart_2pm-0055-0055.lp,min,-20.0,-20.0,tie,0,0,60.016661,60.021289
60,graphpart_2pm-0066-0066.lp,min,-29.0,-29.0,tie,0,0,60.030238,60.014902
60,graphpart_2pm-0077-0777.lp,min,-38.0,-38.0,tie,0,0,60.035713,60.022414
60,graphpart_2pm-0088-0888.lp,min,-54.0,-54.0,tie,0,0,60.008466,60.028662
60,graphpart_2pm-0099-0999.lp,min,-62.0,-62.0,tie,0,0,60.045639,60.035671
60,graphpart_3g-0234-0234.lp,min,-1952753.0,-1952753.0,tie,0,0,60.018391,60.019948
60,graphpart_3g-0244-0244.lp,min,-2686942.0,-2686942.0,tie,0,0,60.014442,60.018657
60,graphpart_3g-0333-0333.lp,min,-1882389.0,-1882389.0,tie,0,0,60.019574,60.028694
60,graphpart_3g-0334-0334.lp,min,-2768659.0,-2768659.0,tie,0,0,60.023077,60.008577
60,graphpart_3g-0344-0344.lp,min,-4963154.0,-4963154.0,tie,0,0,60.028686,60.0241
60,graphpart_3g-0444-0444.lp,min,-7603756.0,-7603756.0,tie,0,0,60.068846,60.053632
60,graphpart_3pm-0234-0234.lp,min,-20.0,-20.0,tie,0,0,60.01064,60.017002
60,graphpart_3pm-0244-0244.lp,min,-28.0,-28.0,tie,0,0,60.019554,60.025431
60,graphpart_3pm-0333-0333.lp,min,-26.0,-26.0,tie,0,0,60.012075,60.020054
60,graphpart_3pm-0334-0334.lp,min,-36.0,-36.0,tie,0,0,60.011909,60.009309
60,graphpart_3pm-0344-0344.lp,min,-48.0,-48.0,tie,0,0,60.014046,60.039497
60,nvs03.lp,min,64.0,64.0,tie,0,0,60.012653,60.007459
60,nvs10.lp,min,-310.8,-310.8,tie,0,0,60.01173,60.008762
60,nvs11.lp,min,-431.0,-431.0,tie,0,0,60.007332,60.006803
60,nvs12.lp,min,-481.2,-481.2,tie,0,0,60.015872,60.013842
60,nvs13.lp,min,-585.2,-585.2,tie,0,0,60.029999,60.016677
60,nvs15.lp,min,1.0,1.0,tie,0,0,60.009041,60.00829
60,nvs17.lp,min,-1100.4,-1100.4,tie,0,0,60.028831,60.00918
60,nvs18.lp,min,-778.4,-778.4,tie,0,0,60.030997,60.010836
60,nvs19.lp,min,-1098.4,-1098.4,tie,0,0,60.016861,60.015516
60,nvs23.lp,min,-1125.2,-1125.2,tie,0,0,60.017443,60.020166
60,nvs24.lp,min,-1033.2,-1033.2,tie,0,0,60.021868,60.01658
60,pb302035.lp,min,3818368.0,3818368.0,tie,0,0,69.248426,63.458704
60,pb302055.lp,min,3966094.0,3966094.0,tie,0,0,69.561688,65.102203
60,pb302075.lp,min,4191764.0,4191764.0,tie,0,0,62.615782,69.934295
60,pb351535.lp,min,5115148.0,5115148.0,tie,0,0,60.623602,65.552279
60,pb351555.lp,min,4888133.0,4888133.0,tie,0,0,62.408768,61.107128
60,pb351575.lp,min,6553485.0,6553485.0,tie,0,0,63.941654,61.114917
60,prob02.lp,min,144170.0,144170.0,tie,0,0,60.023141,60.015119
60,prob03.lp,min,10.0,10.0,tie,0,0,60.008569,60.007499
60,QPLIB_0067.lp,min,-94446.0,-94446.0,tie,0,0,60.182432,60.051444
60,QPLIB_0633.lp,min,82.048035,82.048035,tie,0,0,60.20124,60.169256
60,QPLIB_0752.lp,max,24071.0,24071.0,tie,0,0,60.178213,60.350706
60,QPLIB_10040.lp,min,0.0,0.0,tie,0,0,60.283051,60.773967
60,QPLIB_10041.lp,min,0.0,0.0,tie,0,0,60.277967,60.107275
60,QPLIB_10042.lp,min,-20.881926,-20.881926,tie,0,0,60.157281,60.605742
60,QPLIB_10043.lp,min,0.0,0.0,tie,0,0,60.562898,60.308887
60,QPLIB_10044.lp,min,-7.868867,-7.868867,tie,0,0,61.352169,60.500679
60,QPLIB_10045.lp,min,0.0,0.0,tie,0,0,60.137101,61.275657
60,QPLIB_10046.lp,min,-0.7127,-0.7127,tie,0,0,60.375329,61.018426
60,QPLIB_10047.lp,min,0.0,0.0,tie,0,0,60.566387,60.938182
60,QPLIB_10048.lp,min,-13.562674,-13.562674,tie,0,0,61.35481,60.708883
60,QPLIB_10049.lp,min,0.0,0.0,tie,0,0,60.100947,60.320976
60,QPLIB_10050.lp,min,-25.697662,-25.697662,tie,0,0,60.304259,60.974209
60,QPLIB_10051.lp,min,0.0,0.0,tie,0,0,60.102901,61.251613
60,QPLIB_10052.lp,min,-11.810576,-11.810576,tie,0,0,60.893449,60.096681
60,QPLIB_10053.lp,min,0.0,0.0,tie,0,0,60.137823,60.331638
60,QPLIB_10054.lp,min,-10.197064,-10.197064,tie,0,0,60.391598,60.370496
60,QPLIB_10055.lp,min,-1.258548,-1.258548,tie,0,0,60.937404,60.556755
60,QPLIB_10056.lp,min,-33.856789,-33.856789,tie,0,0,60.583372,61.246871
60,QPLIB_10057.lp,min,0.0,0.0,tie,0,0,60.492359,60.403228
60,QPLIB_10058.lp,min,-3.566526,-3.566526,tie,0,0,60.47459,60.760651
60,QPLIB_10059.lp,min,0.0,0.0,tie,0,0,60.416296,60.69937
60,QPLIB_10060.lp,min,0.0,0.0,tie,0,0,62.219558,61.325965
60,QPLIB_10061.lp,min,-23.829172,-23.829172,tie,0,0,60.824872,61.91016
60,QPLIB_10062.lp,min,0.0,0.0,tie,0,0,60.622374,61.347049
60,QPLIB_10063.lp,min,-42.515972,-42.515972,tie,0,0,60.67652,60.610958
60,QPLIB_10064.lp,min,0.0,0.0,tie,0,0,60.326263,61.016931
60,QPLIB_10065.lp,min,-29.822421,-29.822421,tie,0,0,60.13643,60.574336
60,QPLIB_10066.lp,min,-32.979886,-32.979886,tie,0,0,61.415851,60.613623
60,QPLIB_10067.lp,min,-31.568701,-31.568701,tie,0,0,60.775099,61.339651
60,QPLIB_10068.lp,min,-31.639697,-31.639697,tie,0,0,61.031279,60.417959
60,QPLIB_10069.lp,min,0.0,0.0,tie,0,0,61.526838,61.364499
60,QPLIB_10070.lp,min,-25.288869,-25.288869,tie,0,0,60.828129,61.700223
60,QPLIB_10071.lp,min,0.0,0.0,tie,0,0,60.87037,62.133339
60,QPLIB_10072.lp,min,0.0,0.0,tie,0,0,60.138887,60.116511
60,QPLIB_10073.lp,min,0.0,0.0,tie,0,0,60.073323,60.132108
60,QPLIB_10074.lp,min,0.0,0.0,tie,0,0,60.10439,60.097142
60,QPLIB_1976.lp,min,-9594.0,-9594.0,tie,0,0,60.035546,60.107358
60,QPLIB_2017.lp,min,-22984.0,-22984.0,tie,0,0,60.200683,60.176876
60,QPLIB_2022.lp,min,-22554.0,-22554.0,tie,0,0,60.106285,60.047511
60,QPLIB_2029.lp,min,-34576.0,-34576.0,tie,0,0,60.061705,60.140477
60,QPLIB_2036.lp,min,-30660.0,-30660.0,tie,0,0,60.155596,60.065153
60,QPLIB_2047.lp,min,1182604.5,1182604.5,tie,0,0,60.595799,60.444597
60,QPLIB_2055.lp,min,3389110.0,3389110.0,tie,0,0,60.379483,60.454669
60,QPLIB_2060.lp,min,2603368.0,2603368.0,tie,0,0,60.355584,60.132894
60,QPLIB_2067.lp,min,3480810.0,3740230.0,new win,0,0,61.14686,60.361206
60,QPLIB_2073.lp,min,7745280.0,7745280.0,tie,0,0,60.29846,60.600735
60,QPLIB_2077.lp,min,2407378.5,2407378.5,tie,0,0,61.359122,61.913362
60,QPLIB_2085.lp,min,7329610.0,7329610.0,tie,0,0,61.884461,61.684272
60,QPLIB_2087.lp,min,3312579.0,3312579.0,tie,0,0,62.141111,61.064524
60,QPLIB_2096.lp,min,7310584.0,7310584.0,tie,0,0,61.514414,62.28534
60,QPLIB_2315.lp,min,-29352.0,-29352.0,tie,0,0,60.598044,60.283475
60,QPLIB_2357.lp,min,-647.0,-647.0,tie,0,0,60.166318,60.058348
60,QPLIB_2359.lp,min,-638.0,-638.0,tie,0,0,60.067001,60.133995
60,QPLIB_2492.lp,min,2744.0,2744.0,tie,0,0,60.453511,60.200017
60,QPLIB_2512.lp,min,135028.0,135028.0,tie,0,0,60.065786,60.076439
60,QPLIB_2733.lp,min,5510.0,5510.0,tie,0,0,62.538847,60.749768
60,QPLIB_2880.lp,min,1235314.0,1235314.0,tie,0,0,60.767881,60.722058
60,QPLIB_2957.lp,min,3666.0,3666.0,tie,0,0,60.676388,61.897683
60,QPLIB_3307.lp,min,1282.0,1282.0,tie,0,0,60.524003,61.137663
60,QPLIB_3347.lp,min,3965756.0,3965756.0,tie,0,0,62.911438,62.732397
60,QPLIB_3361.lp,min,117340.0,117340.0,tie,0,0,61.848937,64.314487
60,QPLIB_3380.lp,min,,,neither feasible,0,0,60.91894,60.936949
60,QPLIB_3402.lp,min,229092.0,229092.0,tie,0,0,60.398729,60.142494
60,QPLIB_3413.lp,min,2522.0,2522.0,tie,0,0,60.306648,60.328357
60,QPLIB_3506.lp,max,478.0,476.0,new win,0,0,60.107831,60.08394
60,QPLIB_3562.lp,min,15.6,15.6,tie,0,0,60.040537,60.036936
60,QPLIB_3565.lp,max,282.0,282.0,tie,0,0,60.025675,60.05081
60,QPLIB_3584.lp,min,-22989.0,-22989.0,tie,0,0,60.403319,60.174435
60,QPLIB_3587.lp,min,16725.0,16725.0,tie,0,0,60.03549,60.03148
60,QPLIB_3614.lp,min,14414.0,14414.0,tie,0,0,60.060627,60.124976
60,QPLIB_3642.lp,max,1032.0,1030.0,new win,0,0,60.02671,60.207689
60,QPLIB_3650.lp,max,916.0,918.0,new loss,0,0,60.144394,60.039838
60,QPLIB_3693.lp,max,1148.0,1148.0,tie,0,0,60.131115,60.130934
60,QPLIB_3703.lp,min,393476.0,393476.0,tie,0,0,60.661866,60.988228
60,QPLIB_3705.lp,max,384.0,384.0,tie,0,0,60.123642,60.043177
60,QPLIB_3706.lp,max,680.0,682.0,new loss,0,0,60.130642,60.073059
60,QPLIB_3709.lp,min,9113892.0,9113892.0,tie,0,0,60.750845,60.583891
60,QPLIB_3714.lp,min,1183.0,1183.0,tie,0,0,60.017237,60.177467
60,QPLIB_3738.lp,max,422.0,422.0,tie,0,0,60.072731,60.097353
60,QPLIB_3745.lp,max,334.0,334.0,tie,0,0,60.029495,60.094774
60,QPLIB_3750.lp,min,6348.0,6348.0,tie,0,0,60.269237,60.407115
60,QPLIB_3751.lp,min,2312.0,2312.0,tie,0,0,60.112229,60.211257
60,QPLIB_3752.lp,min,-1217.0,-1217.0,tie,0,0,60.319378,60.28541
60,QPLIB_3757.lp,min,-511.0,-511.0,tie,0,0,60.15145,60.164262
60,QPLIB_3762.lp,min,-270.0,-270.0,tie,0,0,60.055825,60.060921
60,QPLIB_3772.lp,min,-938.0,-938.0,tie,0,0,60.127028,60.116626
60,QPLIB_3775.lp,min,3990.0,3990.0,tie,0,0,60.462602,60.350045
60,QPLIB_3780.lp,min,102.0,102.0,tie,0,0,60.067961,60.029315
60,QPLIB_3803.lp,min,-6982.0,-6982.0,tie,0,0,60.052409,60.195803
60,QPLIB_3815.lp,min,-65.0,-65.0,tie,0,0,60.028803,60.042729
60,QPLIB_3822.lp,max,848.0,848.0,tie,0,0,60.10241,60.243509
60,QPLIB_3832.lp,max,552.0,552.0,tie,0,0,60.072512,60.103905
60,QPLIB_3834.lp,min,3854.936186,3854.936186,tie,0,0,60.040471,60.049481
60,QPLIB_3838.lp,max,740.0,744.0,new loss,0,0,60.054974,60.194561
60,QPLIB_3841.lp,min,-1817.0,-1817.0,tie,0,0,60.64468,60.616002
60,QPLIB_3850.lp,max,1190.0,1194.0,new loss,0,0,60.114216,60.168382
60,QPLIB_3852.lp,max,234.0,234.0,tie,0,0,60.024125,60.014518
60,QPLIB_3860.lp,min,-20161.0,-20161.0,tie,0,0,60.138139,60.326304
60,QPLIB_3865.lp,min,6553485.0,6553485.0,tie,0,0,66.537359,66.194046
60,QPLIB_3877.lp,max,600.0,600.0,tie,0,0,60.093469,60.054601
60,QPLIB_3883.lp,min,-765.0,-765.0,tie,0,0,60.102201,60.146979
60,QPLIB_3913.lp,min,43.7,43.7,tie,0,0,63.747321,61.168095
60,QPLIB_3923.lp,min,91.325,91.325,tie,0,0,60.066929,60.124518
60,QPLIB_3931.lp,min,113.3365,113.3365,tie,0,0,60.061138,60.110347
60,QPLIB_3980.lp,min,11.0,11.0,tie,0,0,60.828535,60.893611
60,QPLIB_5721.lp,max,8112804.0,8063414.0,new win,0,0,61.121823,64.985249
60,QPLIB_5725.lp,max,33152235.0,33152235.0,tie,0,0,60.070534,60.022853
60,QPLIB_5755.lp,max,24205342.0,24013272.0,new win,0,0,60.070173,60.195533
60,QPLIB_5875.lp,max,43757.0,43757.0,tie,0,0,61.142138,62.09863
60,QPLIB_5881.lp,max,13067.0,13067.0,tie,0,0,60.116331,60.256734
60,QPLIB_5882.lp,max,25388.0,25388.0,tie,0,0,60.539656,60.993401
60,QPLIB_5909.lp,max,35726.0,35726.0,tie,0,0,60.264247,60.185484
60,QPLIB_5922.lp,max,128339.0,128339.0,tie,0,0,60.312399,60.314715
60,QPLIB_5935.lp,max,2970.0,2970.0,tie,0,0,60.444102,60.059222
60,QPLIB_5944.lp,max,1326.0,1326.0,tie,0,0,60.98946,60.190667
60,QPLIB_5962.lp,max,3401.0,3401.0,tie,0,0,61.61645,60.247557
60,QPLIB_5971.lp,max,1325.0,1325.0,tie,0,0,60.179394,61.602247
60,QPLIB_5980.lp,max,589.0,589.0,tie,0,0,65.046434,66.550427
60,QPLIB_6324.lp,min,2618.0,2618.0,tie,0,0,64.247203,61.483192
60,QPLIB_6487.lp,min,344592.0,344592.0,tie,0,0,60.790776,61.084352
60,QPLIB_6597.lp,min,6826173.0,6826173.0,tie,0,0,78.534673,80.06891
60,QPLIB_6647.lp,min,2.0,2.0,tie,0,0,60.374264,60.912121
60,QPLIB_6757.lp,min,156.0,156.0,tie,0,0,63.902345,63.993018
60,QPLIB_6764.lp,min,197.0,197.0,tie,0,0,60.656468,64.950122
60,QPLIB_6799.lp,min,165.0,165.0,tie,0,0,67.94336,60.842443
60,QPLIB_6941.lp,min,214.0,214.0,tie,0,0,71.597748,69.173568
60,QPLIB_7127.lp,min,0.0,0.0,tie,0,0,61.779935,62.43726
60,QPLIB_7139.lp,min,621.0,621.0,tie,0,0,60.112736,60.076804
60,QPLIB_7144.lp,min,813.0,813.0,tie,0,0,60.129836,60.119034
60,QPLIB_7149.lp,min,959.0,959.0,tie,0,0,60.219995,60.202005
60,QPLIB_7154.lp,min,1159.0,1159.0,tie,0,0,60.254722,60.175308
60,QPLIB_7159.lp,min,1380.0,1380.0,tie,0,0,60.267535,60.341721
60,QPLIB_7164.lp,min,1600.0,1600.0,tie,0,0,60.296498,60.396119
60,QPLIB_9030.lp,min,526240.0,526240.0,tie,0,0,62.269267,61.881505
60,QPLIB_9048.lp,min,-1.165682,-1.165682,tie,0,0,60.297429,60.750467
60,st_miqp1.lp,min,281.0,281.0,tie,0,0,60.012307,60.010216
60,st_miqp2.lp,min,2.0,2.0,tie,0,0,60.008872,60.006022
60,st_miqp3.lp,min,-6.0,-6.0,tie,0,0,60.008946,60.007627
60,st_test1.lp,min,0.0,0.0,tie,0,0,60.012819,60.008502
60,st_test2.lp,min,-9.25,-9.25,tie,0,0,60.009319,60.012751
60,st_test3.lp,min,-7.0,-7.0,tie,0,0,60.013432,60.014615
60,st_test4.lp,min,-7.0,-7.0,tie,0,0,60.017516,60.013421
60,st_test5.lp,min,-110.0,-110.0,tie,0,0,60.032867,60.046383
60,st_test6.lp,min,471.0,471.0,tie,0,0,60.0254,60.023456
60,st_test8.lp,min,-29605.0,-29605.0,tie,0,0,60.030643,60.024853
60,st_testgr1.lp,min,-12.4929,-12.4929,tie,0,0,60.018494,60.007821
60,st_testgr3.lp,min,-19.4915,-19.4915,tie,0,0,60.043708,60.041464
60,st_testph4.lp,min,-80.5,-80.5,tie,0,0,60.014817,60.007638
300,ball_mk2_10.lp,min,0.0,0.0,tie,0,0,300.008267,300.006939
300,ball_mk2_30.lp,min,0.0,0.0,tie,0,0,300.017152,300.009711
300,ball_mk3_10.lp,,,,neither feasible,0,0,300.012454,300.009025
300,ball_mk3_20.lp,,,,neither feasible,0,0,300.014114,300.010356
300,ball_mk3_30.lp,,,,neither feasible,0,0,300.029067,300.016019
300,ball_mk4_05.lp,,,,neither feasible,0,0,300.007786,300.011845
300,ball_mk4_10.lp,,,,neither feasible,0,0,300.060047,300.052383
300,ball_mk4_15.lp,,,,neither feasible,0,0,300.029175,300.018985
300,chimera_k64ising-01.lp,max,18.0,12.1,new win,0,0,300.217727,300.387422
300,chimera_k64maxcut-01.lp,max,17.9,13.8,new win,0,0,300.183133,300.127537
300,chimera_k64maxcut-02.lp,max,17.0,15.7,new win,0,0,300.205162,300.122867
300,chimera_lga-01.lp,max,135.7,129.3,new win,0,0,300.030139,300.366193
300,chimera_lga-02.lp,max,127.6,126.0,new win,0,0,300.026052,300.103891
300,chimera_mgw-c16-2031-01.lp,max,2002.0,2001.0,new win,0,0,300.215086,301.637569
300,chimera_mgw-c16-2031-02.lp,max,2002.0,2001.0,new win,0,0,300.201578,300.124851
300,chimera_mgw-c8-439-onc8-001.lp,max,405.0,405.0,tie,0,0,300.129466,300.413232
300,chimera_mgw-c8-439-onc8-002.lp,max,396.0,396.0,tie,0,0,300.077882,300.4008
300,chimera_mgw-c8-507-onc8-01.lp,max,493.0,493.0,tie,0,0,300.104713,300.377825
300,chimera_mgw-c8-507-onc8-02.lp,max,495.0,495.0,tie,0,0,300.082141,300.145844
300,chimera_mis-01.lp,max,386.2,383.8,new win,0,0,300.393925,300.429481
300,chimera_mis-02.lp,max,396.0,395.2,new win,0,0,300.40006,301.812677
300,chimera_rfr-01.lp,max,1191.3,1187.9,new win,0,0,300.492619,300.71094
300,chimera_rfr-02.lp,max,1163.1,1162.7,new win,0,0,300.0909,300.086676
300,chimera_selby-c16-01.lp,max,728.2,723.4,new win,0,0,300.303729,300.38367
300,chimera_selby-c16-02.lp,max,718.1,718.9,new loss,0,0,300.465572,300.318045
300,chimera_selby-c8-onc8-01.lp,max,176.1,177.3,new loss,0,0,300.114228,300.05837
300,chimera_selby-c8-onc8-02.lp,max,167.8,167.6,new win,0,0,300.084785,300.061456
300,crossdock_15x8.lp,min,16192.0,16192.0,tie,0,0,300.026389,300.024348
300,graphpart_2g-0044-1601.lp,min,-919798.0,-919798.0,tie,0,0,300.011693,300.013542
300,graphpart_2g-0055-0062.lp,min,-1389815.0,-1389815.0,tie,0,0,300.011195,300.012796
300,graphpart_2g-0066-0066.lp,min,-2809020.0,-2809020.0,tie,0,0,300.013599,300.015027
300,graphpart_2g-0077-0077.lp,min,-3215899.0,-3215899.0,tie,0,0,300.018701,300.02485
300,graphpart_2g-0088-0088.lp,min,-5935341.0,-5935341.0,tie,0,0,300.024958,300.027172
300,graphpart_2g-0099-9211.lp,min,-5070020.0,-5070020.0,tie,0,0,300.021177,300.018488
300,graphpart_2g-1010-0824.lp,min,-6983053.0,-6983053.0,tie,0,0,300.060494,300.021737
300,graphpart_2pm-0044-0044.lp,min,-10.0,-10.0,tie,0,0,300.018155,300.013339
300,graphpart_2pm-0055-0055.lp,min,-20.0,-20.0,tie,0,0,300.013814,300.017768
300,graphpart_2pm-0066-0066.lp,min,-29.0,-29.0,tie,0,0,300.015129,300.026811
300,graphpart_2pm-0077-0777.lp,min,-38.0,-38.0,tie,0,0,300.012704,300.017171
300,graphpart_2pm-0088-0888.lp,min,-54.0,-54.0,tie,0,0,300.040879,300.014157
300,graphpart_2pm-0099-0999.lp,min,-63.0,-63.0,tie,0,0,300.032366,300.048944
300,graphpart_3g-0234-0234.lp,min,-1952753.0,-1952753.0,tie,0,0,300.008632,300.022053
300,graphpart_3g-0244-0244.lp,min,-2725383.0,-2725383.0,tie,0,0,300.02197,300.013832
300,graphpart_3g-0333-0333.lp,min,-1882389.0,-1882389.0,tie,0,0,300.018087,300.022772
300,graphpart_3g-0334-0334.lp,min,-3410696.0,-3410696.0,tie,0,0,300.027677,300.029631
300,graphpart_3g-0344-0344.lp,min,-5083378.0,-5083378.0,tie,0,0,300.022748,300.036582
300,graphpart_3g-0444-0444.lp,min,-7603756.0,-7603756.0,tie,0,0,300.058593,300.016957
300,graphpart_3pm-0234-0234.lp,min,-20.0,-20.0,tie,0,0,300.015558,300.012373
300,graphpart_3pm-0244-0244.lp,min,-28.0,-28.0,tie,0,0,300.02057,300.019875
300,graphpart_3pm-0333-0333.lp,min,-26.0,-26.0,tie,0,0,300.025493,300.022726
300,graphpart_3pm-0334-0334.lp,min,-36.0,-36.0,tie,0,0,300.015837,300.014872
300,graphpart_3pm-0344-0344.lp,min,-48.0,-48.0,tie,0,0,300.024967,300.014775
300,nvs03.lp,min,64.0,64.0,tie,0,0,300.007377,300.007816
300,nvs10.lp,min,-310.8,-310.8,tie,0,0,300.008557,300.006937
300,nvs11.lp,min,-431.0,-431.0,tie,0,0,300.019097,300.005683
300,nvs12.lp,min,-481.2,-481.2,tie,0,0,300.011558,300.00721
300,nvs13.lp,min,-585.2,-585.2,tie,0,0,300.011862,300.01387
300,nvs15.lp,min,1.0,1.0,tie,0,0,300.009027,300.008722
300,nvs17.lp,min,-1100.4,-1100.4,tie,0,0,300.024751,300.021944
300,nvs18.lp,min,-778.4,-778.4,tie,0,0,300.011675,300.015402
300,nvs19.lp,min,-1098.4,-1098.4,tie,0,0,300.012223,300.016851
300,nvs23.lp,min,-1125.2,-1125.2,tie,0,0,300.015818,300.017704
300,nvs24.lp,min,-1033.2,-1033.2,tie,0,0,300.018232,300.01763
300,pb302035.lp,min,3818368.0,3818368.0,tie,0,0,306.315707,310.547535
300,pb302055.lp,min,3966094.0,3966094.0,tie,0,0,310.111173,309.261633
300,pb302075.lp,min,4191764.0,4191764.0,tie,0,0,311.719709,310.312351
300,pb351535.lp,min,5115148.0,5115148.0,tie,0,0,302.253101,302.961431
300,pb351555.lp,min,4888133.0,4888133.0,tie,0,0,308.822385,307.505953
300,pb351575.lp,min,6553485.0,6553485.0,tie,0,0,307.350025,307.520119
300,prob02.lp,min,128255.0,128255.0,tie,0,0,300.02071,300.014272
300,prob03.lp,min,10.0,10.0,tie,0,0,300.010834,300.007029
300,QPLIB_0067.lp,min,-94446.0,-94446.0,tie,0,0,300.100333,300.056784
300,QPLIB_0633.lp,min,82.048035,82.048035,tie,0,0,300.028026,300.046835
300,QPLIB_0752.lp,max,24071.0,24071.0,tie,0,0,300.208515,300.342113
300,QPLIB_10040.lp,min,0.0,0.0,tie,0,0,300.116523,300.206092
300,QPLIB_10041.lp,min,0.0,0.0,tie,0,0,300.457047,300.324088
300,QPLIB_10042.lp,min,-20.881926,-20.881926,tie,0,0,300.429028,300.683119
300,QPLIB_10043.lp,min,0.0,0.0,tie,0,0,300.807491,300.171716
300,QPLIB_10044.lp,min,-7.868867,-7.868867,tie,0,0,300.773601,301.04054
300,QPLIB_10045.lp,min,0.0,0.0,tie,0,0,300.817738,300.336785
300,QPLIB_10046.lp,min,-0.7127,-0.7127,tie,0,0,300.699546,300.300104
300,QPLIB_10047.lp,min,0.0,0.0,tie,0,0,300.365597,301.038835
300,QPLIB_10048.lp,min,-13.562674,-13.562674,tie,0,0,300.973001,300.400335
300,QPLIB_10049.lp,min,0.0,0.0,tie,0,0,300.74547,300.209138
300,QPLIB_10050.lp,min,-25.697662,-25.697662,tie,0,0,300.812077,300.313028
300,QPLIB_10051.lp,min,0.0,0.0,tie,0,0,300.109234,301.247672
300,QPLIB_10052.lp,min,-11.810576,-11.810576,tie,0,0,300.839617,301.428372
300,QPLIB_10053.lp,min,0.0,0.0,tie,0,0,301.128686,300.225138
300,QPLIB_10054.lp,min,-10.197064,-10.197064,tie,0,0,300.645237,300.101168
300,QPLIB_10055.lp,min,-1.258548,-1.258548,tie,0,0,301.598541,301.955814
300,QPLIB_10056.lp,min,-33.856789,-33.856789,tie,0,0,301.733178,301.635697
300,QPLIB_10057.lp,min,0.0,0.0,tie,0,0,300.974956,301.437203
300,QPLIB_10058.lp,min,-3.566526,-3.566526,tie,0,0,302.568898,302.07905
300,QPLIB_10059.lp,min,0.0,0.0,tie,0,0,300.362909,300.575165
300,QPLIB_10060.lp,min,0.0,0.0,tie,0,0,301.480029,301.741994
300,QPLIB_10061.lp,min,-23.952233,-23.952233,tie,0,0,302.457523,300.14232
300,QPLIB_10062.lp,min,0.0,0.0,tie,0,0,301.566295,301.34965
300,QPLIB_10063.lp,min,-42.515972,-42.515972,tie,0,0,300.703508,301.938858
300,QPLIB_10064.lp,min,0.0,0.0,tie,0,0,300.429618,300.320672
300,QPLIB_10065.lp,min,-29.822421,-29.822421,tie,0,0,301.14262,300.228919
300,QPLIB_10066.lp,min,-32.979886,-32.979886,tie,0,0,302.205168,302.189415
300,QPLIB_10067.lp,min,-31.568701,-31.568701,tie,0,0,301.771214,302.13978
300,QPLIB_10068.lp,min,-31.639697,-31.639697,tie,0,0,302.368623,301.452684
300,QPLIB_10069.lp,min,0.0,0.0,tie,0,0,300.363882,300.788528
300,QPLIB_10070.lp,min,-25.288869,-25.288869,tie,0,0,300.640142,301.555265
300,QPLIB_10071.lp,min,0.0,0.0,tie,0,0,300.785959,300.250571
300,QPLIB_10072.lp,min,0.0,0.0,tie,0,0,300.092824,300.193075
300,QPLIB_10073.lp,min,0.0,0.0,tie,0,0,300.039053,300.085856
300,QPLIB_10074.lp,min,0.0,0.0,tie,0,0,300.174968,300.226713
300,QPLIB_1976.lp,min,-9594.0,-9594.0,tie,0,0,300.0217,300.039469
300,QPLIB_2017.lp,min,-22984.0,-22984.0,tie,0,0,300.078736,300.060734
300,QPLIB_2022.lp,min,-22603.5,-22603.5,tie,0,0,300.094112,300.031152
300,QPLIB_2029.lp,min,-34704.0,-34704.0,tie,0,0,300.115593,300.137331
300,QPLIB_2036.lp,min,-30660.0,-30660.0,tie,0,0,300.204871,300.131807
300,QPLIB_2047.lp,min,1182604.5,1182604.5,tie,0,0,300.648862,300.631396
300,QPLIB_2055.lp,min,3389110.0,3389110.0,tie,0,0,301.065836,300.101805
300,QPLIB_2060.lp,min,2603368.0,2603368.0,tie,0,0,300.253681,301.122949
300,QPLIB_2067.lp,min,3418550.0,3418550.0,tie,0,0,300.576955,300.6683
300,QPLIB_2073.lp,min,7677910.0,7677910.0,tie,0,0,300.221097,300.590141
300,QPLIB_2077.lp,min,2388577.5,2388577.5,tie,0,0,300.43094,300.179851
300,QPLIB_2085.lp,min,7248640.0,7248640.0,tie,0,0,300.767593,301.350407
300,QPLIB_2087.lp,min,3312579.0,3312579.0,tie,0,0,301.239995,302.063214
300,QPLIB_2096.lp,min,7122976.0,7122976.0,tie,0,0,301.528961,301.450285
300,QPLIB_2315.lp,min,-29352.0,-29352.0,tie,0,0,300.895603,300.589905
300,QPLIB_2357.lp,min,-647.0,-647.0,tie,0,0,300.138217,300.128507
300,QPLIB_2359.lp,min,-638.0,-638.0,tie,0,0,300.152346,300.076018
300,QPLIB_2492.lp,min,2742.0,2742.0,tie,0,0,300.258831,300.676338
300,QPLIB_2512.lp,min,135028.0,135028.0,tie,0,0,300.217647,300.199739
300,QPLIB_2733.lp,min,5446.0,5446.0,tie,0,0,301.41241,302.024126
300,QPLIB_2880.lp,min,1204498.0,1204498.0,tie,0,0,302.149249,305.992224
300,QPLIB_2957.lp,min,3666.0,3666.0,tie,0,0,302.356668,300.795746
300,QPLIB_3307.lp,min,1266.0,1266.0,tie,0,0,300.139491,300.532245
300,QPLIB_3347.lp,min,3944920.0,3944920.0,tie,0,0,304.220721,305.391505
300,QPLIB_3361.lp,min,112990.0,112990.0,tie,0,0,301.050829,303.076101
300,QPLIB_3380.lp,min,,,neither feasible,0,0,300.388227,300.887912
300,QPLIB_3402.lp,min,224416.0,224416.0,tie,0,0,300.259817,300.329325
300,QPLIB_3413.lp,min,2404.0,2404.0,tie,0,0,300.291939,300.208363
300,QPLIB_3506.lp,max,478.0,478.0,tie,0,0,300.107139,300.113072
300,QPLIB_3562.lp,min,15.6,15.6,tie,0,0,300.014268,300.018338
300,QPLIB_3565.lp,max,282.0,282.0,tie,0,0,300.014636,300.094554
300,QPLIB_3584.lp,min,-22989.0,-22989.0,tie,0,0,300.525387,300.277519
300,QPLIB_3587.lp,min,16725.0,16725.0,tie,0,0,300.033331,300.031021
300,QPLIB_3614.lp,min,14409.0,14409.0,tie,0,0,300.017581,300.020172
300,QPLIB_3642.lp,max,1032.0,1032.0,tie,0,0,300.216768,300.317982
300,QPLIB_3650.lp,max,920.0,920.0,tie,0,0,300.053029,300.126687
300,QPLIB_3693.lp,max,1152.0,1150.0,new win,0,0,300.24975,300.045656
300,QPLIB_3703.lp,min,390346.0,390346.0,tie,0,0,300.406303,300.127463
300,QPLIB_3705.lp,max,384.0,384.0,tie,0,0,300.039154,300.074637
300,QPLIB_3706.lp,max,682.0,682.0,tie,0,0,300.067286,300.140005
300,QPLIB_3709.lp,min,9113892.0,9113892.0,tie,0,0,300.731031,300.780728
300,QPLIB_3714.lp,min,1183.0,1183.0,tie,0,0,300.100321,300.224511
300,QPLIB_3738.lp,max,422.0,422.0,tie,0,0,300.113456,300.125112
300,QPLIB_3745.lp,max,334.0,334.0,tie,0,0,300.077767,300.062721
300,QPLIB_3750.lp,min,6348.0,6348.0,tie,0,0,300.526797,300.114503
300,QPLIB_3751.lp,min,2312.0,2312.0,tie,0,0,300.199966,300.116841
300,QPLIB_3752.lp,min,-1217.0,-1217.0,tie,0,0,300.115722,300.18461
300,QPLIB_3757.lp,min,-511.0,-511.0,tie,0,0,300.113215,300.148872
300,QPLIB_3762.lp,min,-270.0,-270.0,tie,0,0,300.042926,300.062537
300,QPLIB_3772.lp,min,-938.0,-938.0,tie,0,0,300.219404,300.166244
300,QPLIB_3775.lp,min,3990.0,3990.0,tie,0,0,300.203085,300.17353
300,QPLIB_3780.lp,min,100.9,100.9,tie,0,0,300.050417,300.026246
300,QPLIB_3803.lp,min,-6982.0,-6982.0,tie,0,0,300.123809,300.128246
300,QPLIB_3815.lp,min,-65.0,-65.0,tie,0,0,300.039882,300.036026
300,QPLIB_3822.lp,max,850.0,850.0,tie,0,0,300.163317,300.134126
300,QPLIB_3832.lp,max,552.0,552.0,tie,0,0,300.13686,300.131714
300,QPLIB_3834.lp,min,3854.936186,3854.936186,tie,0,0,300.06791,300.016412
300,QPLIB_3838.lp,max,744.0,744.0,tie,0,0,300.10768,300.091716
300,QPLIB_3841.lp,min,-1817.0,-1817.0,tie,0,0,300.2794,300.429125
300,QPLIB_3850.lp,max,1196.0,1196.0,tie,0,0,300.24161,300.154538
300,QPLIB_3852.lp,max,234.0,234.0,tie,0,0,300.023607,300.075538
300,QPLIB_3860.lp,min,-20161.0,-20161.0,tie,0,0,300.124738,300.660327
300,QPLIB_3865.lp,min,6553485.0,6553485.0,tie,0,0,302.377972,301.008812
300,QPLIB_3877.lp,max,600.0,602.0,new loss,0,0,300.162211,300.046611
300,QPLIB_3883.lp,min,-765.0,-765.0,tie,0,0,300.227529,300.151562
300,QPLIB_3913.lp,min,43.7,43.7,tie,0,0,303.675793,303.324434
300,QPLIB_3923.lp,min,91.325,91.325,tie,0,0,300.043698,300.044971
300,QPLIB_3931.lp,min,113.3365,113.3365,tie,0,0,300.0583,300.163144
300,QPLIB_3980.lp,min,10.65,10.65,tie,0,0,300.271856,300.489866
300,QPLIB_5721.lp,max,8222134.0,8182279.0,new win,0,0,301.820615,304.303494
300,QPLIB_5725.lp,max,33380887.0,33380887.0,tie,0,0,300.090444,300.142322
300,QPLIB_5755.lp,max,24673183.0,24601541.0,new win,0,0,300.052934,300.011767
300,QPLIB_5875.lp,max,43757.0,43757.0,tie,0,0,301.285873,302.081871
300,QPLIB_5881.lp,max,13067.0,13067.0,tie,0,0,300.173595,300.091347
300,QPLIB_5882.lp,max,25388.0,25388.0,tie,0,0,300.537045,301.257511
300,QPLIB_5909.lp,max,35726.0,35726.0,tie,0,0,300.208687,300.114735
300,QPLIB_5922.lp,max,128339.0,128339.0,tie,0,0,300.064888,301.18138
300,QPLIB_5935.lp,max,3222.0,3162.0,new win,0,0,300.334199,300.71776
300,QPLIB_5944.lp,max,1326.0,1326.0,tie,0,0,300.634654,300.442863
300,QPLIB_5962.lp,max,3532.0,3532.0,tie,0,0,300.612896,302.501006
300,QPLIB_5971.lp,max,1325.0,1325.0,tie,0,0,302.658079,303.340211
300,QPLIB_5980.lp,max,673.0,673.0,tie,0,0,306.478183,302.815389
300,QPLIB_6324.lp,min,2618.0,2618.0,tie,0,0,301.723456,302.257126
300,QPLIB_6487.lp,min,344592.0,344592.0,tie,0,0,304.301988,302.788512
300,QPLIB_6597.lp,min,6491721.0,6491721.0,tie,0,0,313.302071,305.632484
300,QPLIB_6647.lp,min,2.0,2.0,tie,0,0,300.303616,300.780504
300,QPLIB_6757.lp,min,147.0,147.0,tie,0,0,307.593522,304.154049
300,QPLIB_6764.lp,min,197.0,197.0,tie,0,0,304.042242,301.682198
300,QPLIB_6799.lp,min,165.0,165.0,tie,0,0,305.680053,305.3323
300,QPLIB_6941.lp,min,193.0,193.0,tie,0,0,300.66988,308.094395
300,QPLIB_7127.lp,min,0.0,0.0,tie,0,0,301.857573,301.199026
300,QPLIB_7139.lp,min,621.0,621.0,tie,0,0,300.078632,300.108551
300,QPLIB_7144.lp,min,813.0,813.0,tie,0,0,300.107889,300.183393
300,QPLIB_7149.lp,min,959.0,959.0,tie,0,0,300.280303,300.217336
300,QPLIB_7154.lp,min,1159.0,1159.0,tie,0,0,300.345661,300.322035
300,QPLIB_7159.lp,min,1378.0,1378.0,tie,0,0,300.313627,300.269403
300,QPLIB_7164.lp,min,1577.0,1577.0,tie,0,0,300.315976,300.508453
300,QPLIB_9030.lp,min,526240.0,526240.0,tie,0,0,303.405172,302.766713
300,QPLIB_9048.lp,min,-1.165682,-1.165682,tie,0,0,301.100405,300.082637
300,st_miqp1.lp,min,281.0,281.0,tie,0,0,300.010056,300.008805
300,st_miqp2.lp,min,2.0,2.0,tie,0,0,300.014538,300.010668
300,st_miqp3.lp,min,-6.0,-6.0,tie,0,0,300.011975,300.006276
300,st_test1.lp,min,0.0,0.0,tie,0,0,300.009826,300.007849
300,st_test2.lp,min,-9.25,-9.25,tie,0,0,300.015263,300.013656
300,st_test3.lp,min,-7.0,-7.0,tie,0,0,300.010962,300.008344
300,st_test4.lp,min,-7.0,-7.0,tie,0,0,300.018203,300.013167
300,st_test5.lp,min,-110.0,-110.0,tie,0,0,300.04784,300.009839
300,st_test6.lp,min,471.0,471.0,tie,0,0,300.010998,300.007357
300,st_test8.lp,min,-29605.0,-29605.0,tie,0,0,300.012502,300.016011
300,st_testgr1.lp,min,-12.4929,-12.4929,tie,0,0,300.019135,300.018883
300,st_testgr3.lp,min,-19.4915,-19.4915,tie,0,0,300.044991,300.019085
300,st_testph4.lp,min,-80.5,-80.5,tie,0,0,300.008315,300.010696
